date,CPI,FedFunds,M2_nominal,GDP_real,GDP_potential,UnempRate,ExchangeRate,OilPrice,ImportPrices,FoodPPI,RetailSales,WageGrowth,PPI_AllCommodities,PCE,CreditSpread
2005-01-31,191.6,2.28,6429.9,15844.727,15707.318610353295,5.3,,48.25,104.6,84.9,290111.0,,150.9,8497.7,1.75
2005-02-28,192.4,2.5,6437.7,15844.727,15707.318610353295,5.4,,52.2,105.5,82.6,293710.0,,151.6,8559.1,1.59
2005-03-31,193.1,2.63,6446.6,15844.727,15707.318610353295,5.2,,55.31,107.8,90.4,294743.0,,153.7,8598.4,1.64
2005-04-30,193.7,2.79,6461.4,15922.782,15805.16528365269,5.2,,49.2,108.8,83.4,297153.0,,155.0,8678.4,1.76
2005-05-31,193.6,3.0,6480.6,15922.782,15805.16528365269,5.1,,52.08,107.9,83.8,295314.0,,154.3,8671.6,1.9
2005-06-30,193.7,3.04,6513.2,15922.782,15805.16528365269,5.0,,56.63,109.2,85.8,305083.0,,154.3,8753.4,1.87
2005-07-31,194.9,3.26,6545.1,16047.587,15902.191878355608,5.0,,59.91,110.5,88.2,307320.0,,156.3,8853.8,1.67
2005-08-31,196.1,3.5,6576.7,16047.587,15902.191878355608,4.9,,68.63,112.1,83.0,303216.0,,157.6,8850.1,1.77
2005-09-30,198.8,3.62,6610.2,16047.587,15902.191878355608,5.0,,66.21,114.4,78.3,304187.0,,162.2,8900.4,1.81
2005-10-31,199.1,3.78,6644.0,16136.734,15997.875321123143,5.0,,59.8,114.5,76.1,303989.0,,166.2,8938.5,1.83
2005-11-30,198.1,4.0,6660.6,16136.734,15997.875321123143,5.0,,57.33,112.3,79.9,306566.0,,163.7,8946.2,1.89
2005-12-31,198.1,4.16,6687.4,16136.734,15997.875321123143,4.9,,60.26,112.3,84.1,306723.0,,163.0,8981.1,1.82
2006-01-31,199.3,4.29,6728.4,16353.835,16091.603317517096,4.7,99.4311,67.86,113.7,85.2,315566.0,,164.3,9071.6,1.78
2006-02-28,199.4,4.49,6753.1,16353.835,16091.603317517096,4.8,99.7695,61.37,112.8,87.3,313440.0,,161.8,9096.0,1.65
2006-03-31,199.7,4.59,6766.9,16353.835,16091.603317517096,4.7,100.56,66.7,112.7,88.5,314471.0,20.04,162.2,9132.9,1.69
2006-04-30,200.7,4.79,6806.3,16396.151,16183.163929732862,4.7,98.1412,71.8,115.1,95.8,316094.0,20.17,164.3,9191.6,1.67
2006-05-31,201.3,4.94,6815.7,16396.151,16183.163929732862,4.6,97.7705,71.42,117.2,96.7,314919.0,20.13,165.8,9231.8,1.66
2006-06-30,201.8,4.99,6854.0,16396.151,16183.163929732862,4.6,98.2483,73.94,117.3,95.7,316978.0,20.22,166.1,9259.6,1.67
2006-07-31,202.9,5.24,6896.1,16420.738,16270.761436348215,4.7,97.9996,74.56,118.2,102.9,317984.0,20.29,166.8,9343.8,1.68
2006-08-31,203.8,5.25,6926.4,16420.738,16270.761436348215,4.7,97.644,70.38,118.8,90.7,318802.0,20.32,167.9,9342.2,1.73
2006-09-30,202.8,5.25,6952.8,16420.738,16270.761436348215,4.5,98.1054,62.9,116.2,92.1,316400.0,20.4,165.4,9375.4,1.72
2006-10-31,201.9,5.25,7002.1,16561.866,16354.469242438125,4.4,97.3901,58.72,113.3,113.6,316145.0,20.42,162.2,9393.6,1.64
2006-11-30,202.0,5.25,7037.3,16561.866,16354.469242438125,4.5,96.5779,62.97,113.8,134.7,317123.0,20.49,164.6,9400.2,1.64
2006-12-31,203.1,5.24,7079.3,16561.866,16354.469242438125,4.4,97.0312,60.85,115.1,133.9,320312.0,20.58,165.6,9488.3,1.64
2007-01-31,203.437,5.25,7115.6,16611.69,16438.582056258954,4.6,97.964,58.17,113.7,131.5,320305.0,20.59,164.0,9538.7,1.57
2007-02-28,204.226,5.26,7131.9,16611.69,16438.582056258954,4.5,97.2386,61.78,114.1,149.0,321434.0,20.68,166.8,9566.0,1.6
2007-03-31,205.288,5.26,7164.7,16611.69,16438.582056258954,4.4,96.3183,65.94,115.9,147.8,323708.0,20.72,169.3,9611.7,1.75
2007-04-30,205.904,5.25,7239.9,16713.314,16523.062155053634,4.5,94.8365,65.78,117.5,135.7,322878.0,20.79,171.4,9643.6,1.68
2007-05-31,206.755,5.25,7257.1,16713.314,16523.062155053634,4.4,94.3215,64.02,118.6,140.7,327266.0,20.84,173.3,9685.8,1.6
2007-06-30,207.234,5.25,7290.6,16713.314,16523.062155053634,4.6,94.1393,70.47,120.0,151.0,324076.0,20.95,173.8,9706.8,1.59
2007-07-31,207.603,5.26,7321.8,16809.587,16608.026026757703,4.7,93.4264,78.2,121.5,138.7,325455.0,20.94,175.1,9751.1,1.85
2007-08-31,207.667,5.02,7397.0,16809.587,16608.026026757703,4.6,93.6674,73.98,121.1,136.5,327444.0,21.0,172.4,9798.9,2.05
2007-09-30,208.547,4.94,7413.8,16809.587,16608.026026757703,4.7,90.9446,81.64,121.8,146.3,328668.0,21.04,173.5,9845.1,2.0
2007-10-31,209.19,4.76,7429.0,16915.191,16691.712099349483,4.7,89.1389,94.16,123.6,150.6,330544.0,21.06,174.7,9882.7,1.99
2007-11-30,210.834,4.49,7454.0,16915.191,16691.712099349483,4.7,89.6212,88.6,127.5,162.1,334021.0,21.12,179.0,9955.9,2.47
2007-12-31,211.445,4.24,7482.7,16915.191,16691.712099349483,5.0,89.6304,95.95,127.3,188.5,329259.0,21.16,178.6,9972.8,2.52
2008-01-31,212.174,3.94,7513.6,16843.003,16774.77721545801,5.0,88.6547,91.67,129.2,214.5,330478.0,21.19,181.0,9996.4,2.96
2008-02-29,212.687,2.98,7600.3,16843.003,16774.77721545801,4.9,87.1654,101.78,129.5,223.1,327869.0,21.27,182.7,9981.7,3.22
2008-03-31,213.448,2.61,7664.9,16843.003,16774.77721545801,5.1,86.6881,101.54,133.5,245.6,328493.0,21.36,187.9,10035.3,3.45
2008-04-30,213.942,2.28,7711.4,16943.291,16854.431509824055,5.0,86.8907,113.7,137.3,239.8,328037.0,21.38,190.9,10070.3,3.1
2008-05-31,215.208,1.98,7728.3,16943.291,16854.431509824055,5.4,86.5504,127.35,141.2,233.4,331088.0,21.47,196.6,10132.3,3.0
2008-06-30,217.463,2.0,7747.3,16943.291,16854.431509824055,5.6,86.7621,139.96,145.5,251.1,331764.0,21.52,200.5,10187.1,3.05
2008-07-31,219.016,2.01,7794.9,16854.295,16929.753043277327,5.8,86.8567,124.17,147.5,235.7,330301.0,21.6,205.5,10185.1,3.22
2008-08-31,218.69,2.0,7808.8,16854.295,16929.753043277327,6.1,90.0567,115.55,143.0,209.8,327296.0,21.7,199.0,10175.7,3.29
2008-09-30,218.877,1.81,7873.6,16854.295,16929.753043277327,6.1,92.3773,100.7,137.8,201.5,321568.0,21.73,196.9,10116.4,4.0
2008-10-31,216.995,0.97,7976.3,16485.35,16999.9085535114,6.5,99.7662,68.1,129.6,157.2,308968.0,21.76,186.4,10034.1,5.53
2008-11-30,213.153,0.39,8027.8,16485.35,16999.9085535114,6.8,101.6468,55.21,120.0,150.6,295396.0,21.86,176.8,9885.2,6.1
2008-12-31,211.398,0.16,8203.0,16485.35,16999.9085535114,7.3,98.6518,44.6,114.5,133.7,287571.0,21.95,170.9,9801.5,5.82
2009-01-31,211.933,0.15,8284.2,16298.262,17063.79364520768,7.8,102.1169,41.73,113.0,147.2,292449.0,21.96,171.2,9847.2,5.38
2009-02-28,212.705,0.22,8314.7,16298.262,17063.79364520768,8.3,104.9284,43.18,113.0,150.3,291429.0,21.98,169.3,9824.5,5.22
2009-03-31,212.495,0.18,8380.5,16298.262,17063.79364520768,8.7,102.3761,49.64,113.6,151.5,286022.0,22.05,168.1,9773.2,5.74
2009-04-30,212.709,0.15,8390.2,16269.145,17122.682771242056,9.0,100.1042,50.35,114.8,152.2,287530.0,22.1,169.1,9772.5,5.08
2009-05-31,213.022,0.18,8452.9,16269.145,17122.682771242056,9.4,95.268,66.31,116.8,166.7,290215.0,22.12,170.8,9791.6,4.29
2009-06-30,214.79,0.21,8462.9,16269.145,17122.682771242056,9.5,96.3761,69.82,120.0,173.9,295458.0,22.14,174.1,9852.4,3.64
2009-07-31,214.726,0.16,8467.3,16326.281,17177.41046139042,9.5,94.2526,69.26,119.3,142.6,296928.0,22.18,172.5,9886.3,3.11
2009-08-31,215.445,0.16,8466.2,16326.281,17177.41046139042,9.6,94.6202,69.97,121.1,136.4,302871.0,22.23,175.0,10004.1,2.98
2009-09-30,215.861,0.15,8462.7,16326.281,17177.41046139042,9.8,93.1907,70.46,121.3,131.1,294449.0,22.27,174.1,9927.8,2.86
2009-10-31,216.509,0.12,8489.2,16502.754,17230.326569658257,10.0,92.6207,77.04,122.3,142.5,298067.0,22.31,175.2,9976.7,2.86
2009-11-30,217.234,0.12,8517.9,16502.754,17230.326569658257,9.9,91.3717,77.19,124.1,144.6,300583.0,22.34,177.4,9985.7,2.99
2009-12-31,217.347,0.12,8510.6,16502.754,17230.326569658257,9.9,92.9124,79.39,124.4,144.5,301959.0,22.37,178.1,10052.6,2.54
2010-01-31,217.488,0.11,8473.1,16582.71,17284.089459018523,9.8,93.7638,72.85,125.9,143.8,302325.0,22.4,181.9,10056.1,2.57
2010-02-28,217.281,0.13,8523.4,16582.71,17284.089459018523,9.8,93.6602,79.72,125.8,138.3,302310.0,22.46,181.0,10093.4,2.62
2010-03-31,217.353,0.16,8519.0,16582.71,17284.089459018523,9.9,92.8987,83.45,126.3,138.5,309525.0,22.46,183.3,10156.0,2.47
2010-04-30,217.403,0.2,8554.3,16743.162,17339.540497443468,9.9,92.8423,86.07,127.7,137.9,312143.0,22.49,184.4,10182.3,2.38
2010-05-31,217.29,0.2,8612.0,16743.162,17339.540497443468,9.6,96.3062,74.0,126.7,143.4,309158.0,22.51,184.8,10210.8,2.89
2010-06-30,217.199,0.18,8631.0,16743.162,17339.540497443468,9.4,95.9934,75.59,125.2,136.9,308588.0,22.53,183.5,10231.3,3.08
2010-07-31,217.605,0.18,8642.3,16872.266,17398.249750812174,9.4,93.2793,78.85,125.2,141.9,309543.0,22.59,184.1,10268.1,2.91
2010-08-31,217.923,0.19,8690.5,16872.266,17398.249750812174,9.5,94.7204,71.93,125.7,150.8,310761.0,22.62,184.9,10307.1,3.01
2010-09-30,218.275,0.19,8719.6,16872.266,17398.249750812174,9.5,91.3415,79.95,125.7,174.8,313785.0,22.67,184.9,10327.1,3.05
2010-10-31,219.035,0.19,8769.8,16960.864,17459.66794812841,9.4,90.0935,81.45,127.1,196.7,317699.0,22.73,186.6,10386.4,3.15
2010-11-30,219.59,0.19,8790.3,16960.864,17459.66794812841,9.8,92.1494,84.12,129.2,203.1,320695.0,22.73,187.7,10433.6,3.03
2010-12-31,220.472,0.18,8822.0,16960.864,17459.66794812841,9.3,90.5146,91.38,131.0,216.0,323421.0,22.76,189.7,10471.0,2.68
2011-01-31,221.187,0.17,8844.5,16920.632,17523.89847705864,9.1,89.694,90.99,133.0,226.7,325674.0,22.87,192.7,10514.3,2.68
2011-02-28,221.898,0.16,8909.9,16920.632,17523.89847705864,9.0,88.9391,97.1,135.3,255.2,328049.0,22.87,195.8,10540.6,2.57
2011-03-31,223.046,0.14,8967.7,16920.632,17523.89847705864,9.0,88.0299,106.19,139.3,239.1,331161.0,22.87,199.2,10619.7,2.58
2011-04-30,224.093,0.1,9033.6,17035.114,17590.062292255396,9.1,85.5999,112.38,142.9,272.1,333189.0,22.91,203.1,10652.1,2.58
2011-05-31,224.806,0.09,9109.4,17035.114,17590.062292255396,9.0,86.656,102.7,143.1,266.0,332409.0,22.97,204.1,10672.2,2.65
2011-06-30,224.806,0.09,9184.2,17035.114,17590.062292255396,9.1,86.4786,95.3,142.2,281.9,335108.0,23.0,203.9,10694.8,2.72
2011-07-31,225.395,0.07,9346.9,17031.313,17658.131908785388,9.0,85.7282,95.68,142.4,260.7,334922.0,23.11,204.6,10731.6,2.77
2011-08-31,226.106,0.1,9532.5,17031.313,17658.131908785388,9.0,86.7739,88.81,141.9,263.6,335163.0,23.06,203.2,10750.3,3.25
2011-09-30,226.597,0.08,9553.3,17031.313,17658.131908785388,9.0,91.9998,78.93,141.7,266.8,339011.0,23.11,203.7,10783.2,3.3
2011-10-31,226.75,0.07,9586.2,17222.583,17728.78704705593,8.8,89.2053,93.19,141.2,240.3,341058.0,23.18,201.1,10802.9,3.02
2011-11-30,227.169,0.08,9639.5,17222.583,17728.78704705593,8.6,91.4728,100.36,142.2,243.5,342214.0,23.19,201.4,10806.8,3.24
2011-12-31,227.223,0.07,9683.5,17222.583,17728.78704705593,8.5,92.4262,98.83,142.2,226.4,343093.0,23.22,199.8,10817.8,3.27
2012-01-31,227.842,0.08,9753.3,17367.01,17802.124606222213,8.3,90.5538,98.46,142.2,243.5,345656.0,23.26,200.7,10896.8,3.24
2012-02-29,228.329,0.1,9806.3,17367.01,17802.124606222213,8.3,89.7487,107.08,142.2,241.6,350345.0,23.28,201.6,10987.2,3.1
2012-03-31,228.807,0.13,9849.3,17367.01,17802.124606222213,8.2,90.4593,103.03,144.2,250.5,351748.0,23.36,204.2,10993.9,3.07
2012-04-30,229.187,0.14,9905.0,17444.525,17877.513501192763,8.2,90.3634,104.89,144.1,242.3,349722.0,23.39,203.7,11018.5,3.2
2012-05-31,228.713,0.16,9951.9,17444.525,17877.513501192763,8.2,94.6856,86.52,142.0,234.2,349064.0,23.41,201.9,11006.8,3.4
2012-06-30,228.524,0.16,10023.7,17444.525,17877.513501192763,8.2,92.9096,85.04,138.7,232.8,345339.0,23.46,199.8,10989.8,3.39
2012-07-31,228.59,0.16,10076.0,17469.65,17954.159751564275,8.2,92.8422,88.08,137.7,278.8,346936.0,23.49,200.1,11016.8,3.27
2012-08-31,229.918,0.13,10147.8,17469.65,17954.159751564275,8.1,92.1677,96.47,139.4,289.7,351782.0,23.48,202.7,11056.0,3.21
2012-09-30,231.015,0.14,10228.4,17469.65,17954.159751564275,7.8,90.8342,92.18,140.8,289.2,354575.0,23.57,204.4,11105.3,3.07
2012-10-31,231.638,0.16,10294.4,17489.852,18032.271410975576,7.8,91.1609,86.23,141.2,280.7,354747.0,23.56,203.5,11137.4,2.73
2012-11-30,231.249,0.16,10365.6,17489.852,18032.271410975576,7.7,91.1038,88.54,140.2,277.2,356158.0,23.63,201.8,11178.4,2.95
2012-12-31,231.221,0.16,10485.4,17489.852,18032.271410975576,7.9,91.0834,91.83,139.4,277.2,357519.0,23.72,201.5,11181.2,2.85
2013-01-31,231.679,0.14,10502.3,17662.4,18112.761193184895,8.0,90.798,97.65,140.1,278.8,360257.0,23.74,202.5,11252.4,2.82
2013-02-28,232.937,0.15,10523.0,17662.4,18112.761193184895,7.7,92.295,92.03,141.3,268.1,365227.0,23.78,204.3,11290.5,2.89
2013-03-31,232.282,0.14,10578.7,17662.4,18112.761193184895,7.5,92.302,97.24,141.2,275.4,362148.0,23.8,204.0,11290.1,2.96
2013-04-30,231.797,0.15,10608.9,17709.671,18194.45250151435,7.6,91.3741,93.22,140.2,251.1,360499.0,23.87,203.5,11281.1,2.83
2013-05-31,231.893,0.11,10646.5,17709.671,18194.45250151435,7.5,93.6076,91.93,139.4,261.9,362842.0,23.89,204.1,11321.6,2.79
2013-06-30,232.445,0.09,10705.6,17709.671,18194.45250151435,7.5,94.3047,96.36,138.8,265.7,364181.0,23.96,204.3,11344.4,2.83
2013-07-31,232.9,0.09,10743.0,17860.45,18277.07369505764,7.3,93.5703,105.1,138.9,257.0,366243.0,23.98,204.4,11372.6,2.68
2013-08-31,233.456,0.08,10803.6,17860.45,18277.07369505764,7.2,94.7541,107.98,139.4,216.2,365543.0,24.02,204.2,11406.6,2.56
2013-09-30,233.544,0.08,10865.8,17860.45,18277.07369505764,7.2,92.9207,102.36,139.8,200.2,365668.0,24.06,203.9,11445.9,2.75
2013-10-31,233.669,0.09,10989.2,18016.147,18361.59769901994,7.2,92.731,96.29,138.9,182.4,366444.0,24.09,202.5,11498.0,2.65
2013-11-30,234.1,0.08,10999.8,18016.147,18361.59769901994,6.9,93.6291,92.55,137.7,178.2,366868.0,24.16,201.2,11562.5,2.61
2013-12-31,234.719,0.09,11062.4,18016.147,18361.59769901994,6.7,93.5576,98.17,137.8,179.0,369499.0,24.18,202.0,11593.2,2.33
2014-01-31,235.288,0.07,11127.5,17953.974,18448.099375489783,6.6,95.1774,97.55,138.3,177.2,366684.0,24.22,203.8,11578.8,2.4
2014-02-28,235.547,0.07,11191.9,17953.974,18448.099375489783,6.7,94.3879,102.88,139.8,180.9,371335.0,24.33,205.7,11636.9,2.35
2014-03-31,236.028,0.08,11228.8,17953.974,18448.099375489783,6.7,94.2432,101.57,140.5,193.2,375285.0,24.31,207.0,11722.3,2.26
2014-04-30,236.468,0.09,11276.0,18185.911,18535.90341771736,6.2,93.8896,100.07,139.7,203.0,379432.0,24.34,208.3,11762.3,2.16
2014-05-31,236.918,0.09,11343.1,18185.911,18535.90341771736,6.3,93.7606,103.4,140.1,203.9,379787.0,24.4,208.0,11807.3,2.22
2014-06-30,237.231,0.1,11398.4,18185.911,18535.90341771736,6.1,93.2058,106.07,140.5,184.3,380618.0,24.46,208.3,11861.7,2.18
2014-07-31,237.498,0.09,11452.5,18406.941,18626.02876593418,6.2,94.4467,98.23,140.1,158.9,381045.0,24.48,208.0,11904.4,2.17
2014-08-31,237.46,0.09,11477.8,18406.941,18626.02876593418,6.1,94.7251,97.86,139.0,152.3,384017.0,24.54,207.0,11983.7,2.23
2014-09-30,237.477,0.09,11520.7,18406.941,18626.02876593418,5.9,97.5261,91.17,137.9,148.7,382277.0,24.56,206.4,11991.4,2.29
2014-10-31,237.43,0.09,11596.5,18500.031,18717.995872623236,5.7,98.1163,80.53,136.0,143.7,383323.0,24.59,203.4,12064.7,2.39
2014-11-30,236.983,0.09,11638.9,18500.031,18717.995872623236,5.8,100.0719,65.94,133.5,151.7,384459.0,24.66,200.9,12083.9,2.52
2014-12-31,236.252,0.12,11721.2,18500.031,18717.995872623236,5.6,102.2843,53.45,130.1,160.4,380682.0,24.63,197.0,12096.1,2.51
2015-01-31,234.747,0.11,11806.2,18666.621,18811.82035076692,5.7,105.5884,47.79,126.0,157.2,378518.0,24.74,192.0,12066.7,2.61
2015-02-28,235.342,0.11,11920.7,18666.621,18811.82035076692,5.5,105.5981,49.84,125.5,157.7,377594.0,24.79,191.1,12116.6,2.46
2015-03-31,235.976,0.11,11919.1,18666.621,18811.82035076692,5.4,107.4396,47.72,125.3,157.6,383681.0,24.85,191.5,12176.1,2.55
2015-04-30,236.222,0.12,11953.4,18782.243,18906.9696114969,5.4,105.312,59.62,125.1,153.8,383893.0,24.89,190.9,12209.1,2.6
2015-05-31,237.001,0.12,11981.9,18782.243,18906.9696114969,5.6,106.7388,60.25,126.5,148.6,387155.0,24.97,193.4,12275.4,2.72
2015-06-30,237.657,0.13,12020.9,18782.243,18906.9696114969,5.3,106.5191,59.48,126.6,151.4,387199.0,24.97,194.8,12307.9,2.83
2015-07-31,238.034,0.13,12063.5,18857.418,19003.03419833049,5.2,108.7819,47.11,125.4,165.0,390953.0,25.01,193.9,12364.9,2.94
2015-08-31,238.033,0.14,12110.1,18857.418,19003.03419833049,5.1,110.5621,49.2,123.2,148.3,390570.0,25.1,191.9,12396.2,3.15
2015-09-30,237.498,0.14,12172.7,18857.418,19003.03419833049,5.0,111.3311,45.06,121.9,147.8,388551.0,25.11,189.1,12386.4,3.29
2015-10-31,237.733,0.12,12228.4,18892.206,19100.137722133142,5.0,110.2079,46.6,121.5,147.2,387066.0,25.2,187.5,12394.9,3.19
2015-11-30,238.017,0.12,12322.7,18892.206,19100.137722133142,5.1,112.34,40.43,120.8,141.0,388530.0,25.25,185.7,12423.2,3.2
2015-12-31,237.761,0.24,12393.6,18892.206,19100.137722133142,5.0,113.3429,37.13,119.3,147.1,389551.0,25.25,183.5,12452.0,3.23
2016-01-31,237.652,0.34,12522.2,19001.69,19198.252665637407,4.8,115.5731,33.66,117.8,140.8,387483.0,25.37,182.6,12478.0,3.48
2016-02-29,237.336,0.38,12604.4,19001.69,19198.252665637407,4.9,114.2418,32.74,117.2,139.9,390029.0,25.38,181.3,12554.5,3.55
2016-03-31,238.08,0.36,12662.2,19001.69,19198.252665637407,5.0,109.9191,36.94,117.7,142.6,388998.0,25.45,182.1,12537.0,3.12
2016-04-30,238.992,0.37,12741.9,19062.709,19296.5000603964,5.1,108.8274,45.98,118.5,139.6,391112.0,25.53,183.2,12611.5,2.86
2016-05-31,239.557,0.37,12800.7,19062.709,19296.5000603964,4.8,112.4276,49.1,119.9,142.7,392299.0,25.58,185.3,12652.7,2.84
2016-06-30,240.222,0.38,12849.3,19062.709,19296.5000603964,4.9,112.1618,48.27,120.7,159.8,397113.0,25.62,187.6,12731.2,2.92
2016-07-31,240.101,0.39,12907.3,19197.938,19394.1890093846,4.8,111.874,41.54,120.8,132.7,396545.0,25.69,187.7,12756.7,2.71
2016-08-31,240.545,0.4,12986.7,19197.938,19394.1890093846,4.9,112.4036,44.68,120.5,124.5,396293.0,25.71,186.6,12788.1,2.61
2016-09-30,241.176,0.4,13052.7,19197.938,19394.1890093846,5.0,112.2795,47.72,120.6,119.9,398797.0,25.77,186.9,12846.6,2.69
2016-10-31,241.741,0.4,13124.5,19304.352,19491.389084717703,4.9,114.0188,46.83,121.2,122.5,399637.0,25.9,186.7,12867.0,2.61
2016-11-30,242.026,0.41,13214.2,19304.352,19491.389084717703,4.7,117.7636,49.41,121.1,125.6,398680.0,25.9,186.3,12893.0,2.45
2016-12-31,242.637,0.54,13240.6,19304.352,19491.389084717703,4.7,118.3466,53.75,121.6,130.3,405114.0,25.93,188.2,13005.9,2.28
2017-01-31,243.618,0.65,13318.9,19398.343,19588.63066489704,4.7,116.2241,52.75,122.3,133.0,408269.0,26.0,190.7,13063.7,2.23
2017-02-28,244.006,0.66,13395.2,19398.343,19588.63066489704,4.6,116.0032,54.0,122.7,138.5,408155.0,26.07,191.6,13088.4,2.19
2017-03-31,243.892,0.79,13464.6,19398.343,19588.63066489704,4.4,114.7938,50.54,122.5,136.2,407630.0,26.11,191.5,13139.9,2.24
2017-04-30,244.193,0.9,13520.3,19506.949,19685.872943332353,4.4,114.7877,49.31,122.8,135.7,409134.0,26.18,193.0,13169.2,2.28
2017-05-31,244.004,0.91,13567.4,19506.949,19685.872943332353,4.4,113.2956,48.29,122.7,136.8,406609.0,26.21,192.8,13171.9,2.23
2017-06-30,244.163,1.04,13577.0,19506.949,19685.872943332353,4.3,111.9896,46.02,122.4,141.2,409067.0,26.26,193.6,13225.2,2.09
2017-07-31,244.243,1.15,13638.5,19660.766,19783.817242750043,4.3,109.8177,50.21,122.2,153.1,409113.0,26.35,193.5,13263.3,2.06
2017-08-31,245.183,1.16,13695.0,19660.766,19783.817242750043,4.4,109.3686,47.26,122.9,133.7,409606.0,26.37,193.8,13294.6,2.14
2017-09-30,246.435,1.15,13743.0,19660.766,19783.817242750043,4.3,110.0867,51.67,123.9,129.9,419021.0,26.49,194.8,13417.3,2.0
2017-10-31,246.626,1.15,13801.5,19882.352,19882.732970228422,4.2,111.8052,54.36,124.1,129.2,418999.0,26.5,194.9,13447.5,1.91
2017-11-30,247.284,1.16,13849.1,19882.352,19882.732970228422,4.2,110.4648,57.4,125.3,129.0,423224.0,26.54,195.9,13540.6,1.88
2017-12-31,247.805,1.3,13887.3,19882.352,19882.732970228422,4.1,110.0783,60.46,125.5,130.5,425545.0,26.63,196.3,13666.1,1.77
2018-01-31,248.859,1.41,13902.4,20044.077,19983.308058389972,4.0,106.7696,64.82,126.5,135.4,423202.0,26.72,197.9,13703.3,1.56
2018-02-28,249.529,1.42,13949.8,20044.077,19983.308058389972,4.1,108.3903,61.43,126.8,143.3,425507.0,26.74,199.3,13738.7,1.68
2018-03-31,249.577,1.51,14014.5,20044.077,19983.308058389972,4.0,107.4784,64.87,126.5,150.6,425087.0,26.85,199.3,13793.2,1.85
2018-04-30,250.227,1.69,14034.8,20150.476,20085.821330941748,4.0,109.3363,68.56,127.1,151.5,425899.0,26.91,200.3,13838.4,1.79
2018-05-31,250.792,1.7,14091.0,20150.476,20085.821330941748,3.8,111.9894,66.98,128.2,155.1,432340.0,26.98,203.2,13905.0,1.89
2018-06-30,251.018,1.82,14133.2,20150.476,20085.821330941748,4.0,113.2586,74.13,128.2,151.0,430008.0,27.03,204.2,13930.4,1.99
2018-07-31,251.214,1.91,14170.0,20276.154,20189.23681263725,3.8,112.7299,69.88,128.1,138.4,432070.0,27.1,204.3,13974.8,1.83
2018-08-31,251.663,1.91,14221.3,20276.154,20189.23681263725,3.8,114.2755,69.84,127.6,144.5,432031.0,27.21,203.4,14014.0,1.92
2018-09-30,252.182,1.95,14243.9,20276.154,20189.23681263725,3.7,113.8077,73.16,127.7,138.8,431438.0,27.32,203.6,14017.8,1.84
2018-10-31,252.772,2.19,14257.6,20304.874,20294.35408829067,3.8,116.5281,65.31,128.3,139.2,435894.0,27.37,204.6,14083.1,2.03
2018-11-30,252.594,2.2,14288.4,20304.874,20294.35408829067,3.8,116.413,50.78,126.2,142.8,438612.0,27.44,202.3,14162.9,2.27
2018-12-31,252.767,2.27,14392.0,20304.874,20294.35408829067,3.9,115.5674,45.15,124.4,148.0,428932.0,27.56,201.0,14051.6,2.45
2019-01-31,252.561,2.4,14460.2,20431.641,20401.78250699429,4.0,113.5504,53.84,124.6,144.2,430246.0,27.59,199.1,14084.6,2.38
2019-02-28,253.319,2.4,14506.6,20431.641,20401.78250699429,3.8,114.1991,57.21,125.9,148.7,431194.0,27.69,199.2,14117.4,2.22
2019-03-31,254.277,2.41,14559.5,20431.641,20401.78250699429,3.8,115.1371,60.19,126.6,141.4,438196.0,27.77,200.8,14248.6,2.26
2019-04-30,255.233,2.42,14594.0,20602.275,20509.70778828462,3.7,115.3281,63.83,126.8,141.3,437735.0,27.79,202.1,14290.0,2.14
2019-05-31,255.296,2.39,14703.2,20602.275,20509.70778828462,3.6,116.7273,53.49,127.0,142.7,442514.0,27.88,201.7,14353.3,2.37
2019-06-30,255.213,2.38,14798.8,20602.275,20509.70778828462,3.6,114.5821,58.2,125.6,165.3,442116.0,27.97,200.3,14408.7,2.31
2019-07-31,255.802,2.4,14882.7,20843.322,20617.674979351952,3.7,115.4946,58.53,125.6,168.0,445304.0,28.03,200.7,14496.0,2.13
2019-08-31,256.036,2.13,14974.4,20843.322,20617.674979351952,3.6,118.1575,55.07,124.9,145.4,448519.0,28.14,199.2,14558.2,2.26
2019-09-30,256.43,2.04,15047.2,20843.322,20617.674979351952,3.5,117.9461,54.09,125.0,142.1,444555.0,28.16,198.4,14590.6,2.2
2019-10-31,257.155,1.83,15185.6,20985.448,20722.820278145697,3.6,115.9125,54.02,124.5,153.7,445627.0,28.24,198.6,14617.4,2.18
2019-11-30,257.879,1.55,15301.3,20985.448,20722.820278145697,3.6,117.1204,58.12,124.7,151.9,449040.0,28.34,199.0,14711.0,2.08
2019-12-31,258.63,1.55,15351.5,20985.448,20722.820278145697,3.6,114.669,61.14,125.0,149.9,449643.0,28.38,199.0,14774.8,1.98
2020-01-31,259.127,1.55,15425.0,20709.212,20825.889773887968,3.6,115.7345,51.58,125.2,158.7,447774.0,28.43,199.3,14868.3,2.13
2020-02-29,259.25,1.58,15492.8,20709.212,20825.889773887968,3.5,117.6568,44.83,124.3,155.4,447972.0,28.54,196.7,14828.1,2.38
2020-03-31,258.076,0.65,16034.4,20709.212,20825.889773887968,4.4,122.5301,20.51,121.3,153.1,420954.0,28.73,193.1,13812.8,3.93
2020-04-30,256.032,0.05,17064.0,19077.992,20925.85598035592,14.8,122.327,19.23,118.2,134.4,370296.0,30.04,185.5,12249.2,3.23
2020-05-31,255.802,0.05,17931.9,19077.992,20925.85598035592,13.2,120.9458,35.57,119.0,131.3,437957.0,29.72,188.6,13281.5,3.08
2020-06-30,257.042,0.08,18180.0,19077.992,20925.85598035592,11.0,120.4649,39.27,120.6,134.6,465800.0,29.38,191.2,14049.2,2.93
2020-07-31,258.352,0.09,18331.4,20558.879,21020.539012470566,10.2,117.2082,40.1,122.1,133.5,471873.0,29.39,193.0,14307.2,2.6
2020-08-31,259.316,0.1,18413.3,20558.879,21020.539012470566,8.4,115.7586,42.61,123.2,127.1,473696.0,29.49,194.3,14462.2,2.67
2020-09-30,259.997,0.09,18605.0,20558.879,21020.539012470566,7.8,116.946,40.05,123.4,143.9,482702.0,29.51,195.5,14668.1,2.75
2020-10-31,260.319,0.09,18759.9,20791.917,21116.617057074087,6.9,116.1354,35.64,123.3,155.6,480763.0,29.54,196.5,14725.8,2.61
2020-11-30,260.911,0.09,19002.4,20791.917,21116.617057074087,6.7,113.2256,45.2,123.4,168.4,478079.0,29.64,198.3,14701.6,2.29
2020-12-31,262.045,0.09,19119.4,20791.917,21116.617057074087,6.7,111.3169,48.35,124.6,171.8,485949.0,29.91,200.5,14822.0,2.18
2021-01-31,262.687,0.09,19375.3,21082.134,21216.864736890268,6.4,111.9511,52.16,126.5,203.8,501604.0,29.93,204.8,15073.0,2.17
2021-02-28,263.579,0.08,19641.4,21082.134,21216.864736890268,6.2,112.8306,61.55,128.0,216.5,488805.0,30.05,210.6,14983.5,2.12
2021-03-31,264.961,0.07,19874.5,21082.134,21216.864736890268,6.1,113.8234,59.19,129.9,215.5,539607.0,30.03,215.0,15709.7,2.03
2021-04-30,266.614,0.07,20174.1,21440.929,21322.28909851852,6.1,112.0839,63.5,131.1,225.5,542199.0,30.22,217.9,15917.5,1.96
2021-05-31,268.383,0.06,20457.5,21440.929,21322.28909851852,5.8,110.7576,66.31,132.8,285.5,536589.0,30.41,224.9,15973.5,1.99
2021-06-30,270.654,0.08,20472.7,21440.929,21322.28909851852,5.9,112.5533,73.52,134.2,260.8,540152.0,30.54,228.9,16191.7,1.87
2021-07-31,271.903,0.1,20630.0,21617.828,21435.3063204534,5.4,112.6714,73.93,134.6,249.686,528600.0,30.66,231.85,16239.7,1.95
2021-08-31,272.676,0.09,20844.0,21617.828,21435.3063204534,5.1,113.1076,68.43,134.3,251.986,532477.0,30.78,233.415,16412.9,1.94
2021-09-30,273.91,0.08,20985.4,21617.828,21435.3063204534,4.7,114.6403,75.22,134.9,223.168,536651.0,30.98,235.678,16489.6,1.85
2021-10-31,276.55,0.08,21164.2,21988.737,21554.021083750165,4.5,114.1349,83.5,136.9,217.941,545361.0,31.14,240.465,16704.2,1.69
2021-11-30,278.919,0.08,21340.9,21988.737,21554.021083750165,4.1,116.2071,66.14,137.9,232.69,551082.0,31.23,243.287,16849.8,1.81
2021-12-31,280.845,0.08,21502.8,21988.737,21554.021083750165,3.9,115.283,75.33,137.4,246.904,547277.0,31.39,241.338,16891.0,1.85
2022-01-31,282.543,0.08,21647.4,21932.71,21678.7235669542,4.0,115.566,89.16,140.1,248.6,560257.0,31.6,246.453,16993.8,1.93
2022-02-28,284.5,0.08,21725.6,21932.71,21678.7235669542,3.9,115.2224,96.13,142.6,260.151,563777.0,31.64,252.66,17106.0,2.34
2022-03-31,287.674,0.2,21788.1,21932.71,21678.7235669542,3.7,115.2218,100.53,146.8,301.702,574485.0,31.8,260.014,17347.2,1.93
2022-04-30,288.561,0.33,21768.4,21967.045,21808.97535370521,3.7,119.4933,104.59,147.5,318.043,580943.0,31.96,265.31,17490.0,2.05
2022-05-31,291.298,0.77,21718.0,21967.045,21808.97535370521,3.6,118.0704,114.38,148.2,322.3,579844.0,32.1,273.251,17574.5,2.18
2022-06-30,294.957,1.21,21647.0,21967.045,21808.97535370521,3.6,120.9652,107.76,148.5,322.742,585556.0,32.19,280.251,17755.2,2.31
2022-07-31,294.913,1.68,21649.2,22125.625,21944.708620985697,3.5,121.7678,101.31,146.4,280.166,579267.0,32.34,272.274,17770.1,2.36
2022-08-31,295.097,2.33,21641.9,22125.625,21944.708620985697,3.6,123.535,90.09,144.6,274.406,581196.0,32.44,269.546,17916.5,2.18
2022-09-30,296.349,2.56,21541.3,22125.625,21944.708620985697,3.5,127.5148,79.91,143.1,290.946,579446.0,32.57,267.898,17992.8,2.24
2022-10-31,298.007,3.08,21464.2,22278.345,22084.80256835857,3.6,127.6219,86.54,142.7,280.361,585006.0,32.7,265.061,18109.6,2.28
2022-11-30,298.786,3.78,21409.5,22278.345,22084.80256835857,3.6,123.5175,80.48,141.6,277.504,576356.0,32.82,263.157,18108.0,2.15
2022-12-31,298.832,4.1,21293.2,22278.345,22084.80256835857,3.5,121.4256,80.16,141.8,270.886,569119.0,32.94,257.897,18116.5,1.99
2023-01-31,300.42,4.33,21274.0,22439.607,22229.48219394711,3.5,118.9802,78.95,141.3,268.915,591964.0,33.02,260.227,18449.1,1.9
2023-02-28,301.45,4.57,21240.2,22439.607,22229.48219394711,3.6,121.3341,76.88,141.0,279.648,586165.0,33.15,258.669,18491.6,1.9
2023-03-31,301.821,4.65,20942.3,22439.607,22229.48219394711,3.5,119.3602,75.68,139.9,257.021,578812.0,33.27,257.062,18520.4,2.11
2023-04-30,302.845,4.83,20758.2,22580.499,22377.8679500468,3.4,119.2248,76.78,140.3,270.26,583874.0,33.43,256.908,18641.8,2.08
2023-05-31,303.334,5.06,20829.4,22580.499,22377.8679500468,3.6,120.9662,68.11,139.7,257.526,586286.0,33.5,253.67,18664.6,2.16
2023-06-30,304.014,5.08,20798.9,22580.499,22377.8679500468,3.6,119.3606,70.66,139.4,257.294,588670.0,33.69,253.86,18773.0,1.88
2023-07-31,304.609,5.12,20792.2,22840.989,22527.57093135215,3.5,117.8241,81.8,139.4,226.695,589257.0,33.85,253.835,18884.2,1.77
2023-08-31,306.082,5.33,20782.0,22840.989,22527.57093135215,3.7,120.225,83.55,140.3,211.044,595191.0,33.89,257.68,18953.3,1.83
2023-09-30,307.276,5.33,20753.6,22840.989,22527.57093135215,3.7,122.3077,90.77,141.0,194.918,598956.0,34.01,258.934,19048.1,1.78
2023-10-31,307.696,5.33,20737.4,23033.78,22678.156520144265,3.9,123.8364,81.64,140.1,190.498,595517.0,34.08,255.192,19109.4,1.85
2023-11-30,308.148,5.33,20749.7,23033.78,22678.156520144265,3.7,120.2434,75.66,139.4,189.425,593567.0,34.17,252.856,19178.9,1.67
2023-12-31,308.741,5.33,20779.9,23033.78,22678.156520144265,3.8,118.4208,71.89,138.4,190.589,594256.0,34.29,249.866,19283.5,1.61
2024-01-31,309.698,5.33,20835.5,23082.119,22828.94541097934,3.7,120.4331,76.28,139.4,183.484,588944.0,34.47,251.306,19303.3,1.61
2024-02-29,310.967,5.33,20921.7,23082.119,22828.94541097934,3.9,121.1824,79.22,139.7,174.163,593206.0,34.52,254.926,19446.5,1.55
2024-03-31,312.345,5.33,20965.9,23082.119,22828.94541097934,3.9,121.0191,83.96,140.5,175.257,595969.0,34.65,255.095,19581.8,1.5
2024-04-30,313.023,5.33,20955.4,23286.508,22979.033391074583,3.9,122.9853,83.49,141.7,174.765,595676.0,34.76,256.978,19665.7,1.44
2024-05-31,313.175,5.33,21021.6,23286.508,22979.033391074583,3.9,122.098,77.97,141.5,189.722,600372.0,34.89,255.313,19758.0,1.46
2024-06-30,313.044,5.33,21070.7,23286.508,22979.033391074583,4.1,124.2103,82.83,141.6,182.791,599979.0,35.01,255.914,19844.5,1.55
2024-07-31,313.569,5.33,21098.9,23478.57,23126.8961060226,4.2,123.6373,79.36,141.8,163.139,605814.0,35.08,257.321,19949.5,1.68
2024-08-31,314.062,5.33,21192.0,23478.57,23126.8961060226,4.2,122.3262,74.52,141.4,155.573,603601.0,35.22,255.463,20001.3,1.69
2024-09-30,314.732,5.13,21275.6,23478.57,23126.8961060226,4.1,121.2864,68.75,140.9,158.529,608774.0,35.34,252.682,20147.6,1.63
2024-10-31,315.631,4.83,21336.6,23586.542,23271.54168652911,4.1,124.7988,69.58,141.1,157.22,612772.0,35.46,253.081,20226.0,1.46
2024-11-30,316.528,4.64,21454.7,23586.542,23271.54168652911,4.2,126.5798,68.26,141.3,168.992,616344.0,35.6,253.211,20313.6,1.44
2024-12-31,317.604,4.48,21487.6,23586.542,23271.54168652911,4.1,129.2775,72.44,141.4,175.531,621713.0,35.69,253.423,20514.3,1.42
2025-01-31,318.961,4.33,21539.3,23548.21,23414.6564204,4.0,128.4828,72.84,141.8,181.8,615145.0,35.84,257.36,20462.2,1.45
2025-02-28,319.679,4.33,21607.2,23548.21,23414.6564204,4.2,128.2805,69.97,142.1,185.27,616636.0,35.94,259.498,20519.8,1.57
2025-03-31,319.785,4.33,21684.1,23548.21,23414.6564204,4.2,126.7075,71.87,141.6,178.324,625420.0,36.11,258.525,20683.0,1.76
2025-04-30,320.302,4.33,21770.8,23770.976,23548.5176618,4.2,122.5921,59.55,141.7,184.647,624272.0,36.12,258.392,20746.4,1.96
2025-05-31,320.62,4.33,21836.1,23770.976,23548.5176618,4.3,121.7674,61.46,141.0,170.173,616540.0,36.28,258.678,20755.0,1.84
2025-06-30,321.435,4.33,21942.6,23770.976,23548.5176618,4.1,119.4088,66.3,140.8,171.889,620791.0,36.36,260.491,20868.4,1.75
2025-07-31,322.169,4.33,22025.6,24026.834,23680.1524766,4.3,121.721,70.36,141.2,161.485,629146.0,36.47,262.358,21007.3,1.67
2025-08-31,323.291,4.33,22092.6,24026.834,23680.1524766,4.3,120.2082,64.36,141.0,147.641,630770.0,36.62,262.11,21123.8,1.8
2025-09-30,324.245,4.22,22176.1,24026.834,23680.1524766,4.4,120.1368,63.17,140.8,154.917,632395.0,36.7,262.054,21202.4,1.67
2025-10-31,,4.09,22249.8,24055.749,23811.2238968,,121.3859,61.75,,152.196,631346.0,36.85,260.591,21288.1,1.69
2025-11-30,325.063,3.88,22279.8,24055.749,23811.2238968,4.5,121.0527,58.58,141.2,162.149,634477.0,37.0,261.914,21356.0,1.78
2025-12-31,326.031,3.72,22355.3,24055.749,23811.2238968,4.4,119.7456,57.26,141.4,165.679,634830.0,37.02,261.333,21445.9,1.72
2026-01-31,326.588,3.64,22413.4,24180.419,23945.1378387,4.3,117.8996,64.5,142.1,157.952,634949.0,37.15,263.608,21478.7,1.62
2026-02-28,327.46,3.64,22598.7,24180.419,23945.1378387,4.4,117.8223,66.96,143.5,163.004,641038.0,37.27,269.535,21611.4,1.8
2026-03-31,330.293,3.64,22640.3,24180.419,23945.1378387,4.3,121.035,102.86,144.8,170.527,653772.0,37.35,276.109,21814.7,1.79
2026-04-30,332.407,3.64,22756.6,24269.613,24070.9386484,4.3,118.671,108.64,148.1,169.759,657830.0,37.41,282.722,21949.5,1.7
2026-05-31,333.979,3.63,23013.7,24269.613,24070.9386484,4.3,118.8783,91.16,150.7,184.37,663604.0,37.49,290.2,22136.8,1.57
2026-06-30,332.568,3.63,23114.9,24269.613,24070.9386484,4.2,120.9248,70.56,150.3,162.892,665247.0,37.59,286.023,22214.2,1.53
2026-07-31,332.813,3.63,23217.9,,24200.4446936,4.1,119.7034,86.16,149.8,172.994,660638.0,37.65,285.181,22250.4,1.63
2026-08-31,334.131,3.63,23342.8,,24200.4446936,4.1,118.5679,87.03,150.8,173.74,668877.0,37.75,287.928,,1.59
2026-09-30,,,,,24200.4446936,,119.5133,96.41,,,,,,,1.42
2026-10-31,,,,,24330.3745288,,,,,,,,,,
2026-11-30,,,,,24330.3745288,,,,,,,,,,
2026-12-31,,,,,24330.3745288,,,,,,,,,,
2027-01-31,,,,,24460.7088379,,,,,,,,,,
2027-02-28,,,,,24460.7088379,,,,,,,,,,
2027-03-31,,,,,24460.7088379,,,,,,,,,,
2027-04-30,,,,,24590.8109409,,,,,,,,,,
2027-05-31,,,,,24590.8109409,,,,,,,,,,
2027-06-30,,,,,24590.8109409,,,,,,,,,,
2027-07-31,,,,,24720.7004814,,,,,,,,,,
2027-08-31,,,,,24720.7004814,,,,,,,,,,
2027-09-30,,,,,24720.7004814,,,,,,,,,,
2027-10-31,,,,,24850.1525561,,,,,,,,,,
2027-11-30,,,,,24850.1525561,,,,,,,,,,
2027-12-31,,,,,24850.1525561,,,,,,,,,,
2028-01-31,,,,,24979.4598254,,,,,,,,,,
2028-02-29,,,,,24979.4598254,,,,,,,,,,
2028-03-31,,,,,24979.4598254,,,,,,,,,,
2028-04-30,,,,,25109.0520493,,,,,,,,,,
2028-05-31,,,,,25109.0520493,,,,,,,,,,
2028-06-30,,,,,25109.0520493,,,,,,,,,,
2028-07-31,,,,,25238.6873312,,,,,,,,,,
2028-08-31,,,,,25238.6873312,,,,,,,,,,
2028-09-30,,,,,25238.6873312,,,,,,,,,,
2028-10-31,,,,,25367.6250348,,,,,,,,,,
2028-11-30,,,,,25367.6250348,,,,,,,,,,
2028-12-31,,,,,25367.6250348,,,,,,,,,,
2029-01-31,,,,,25495.4826244,,,,,,,,,,
2029-02-28,,,,,25495.4826244,,,,,,,,,,
2029-03-31,,,,,25495.4826244,,,,,,,,,,
2029-04-30,,,,,25622.3677936,,,,,,,,,,
2029-05-31,,,,,25622.3677936,,,,,,,,,,
2029-06-30,,,,,25622.3677936,,,,,,,,,,
2029-07-31,,,,,25750.3919924,,,,,,,,,,
2029-08-31,,,,,25750.3919924,,,,,,,,,,
2029-09-30,,,,,25750.3919924,,,,,,,,,,
2029-10-31,,,,,25880.7178538,,,,,,,,,,
2029-11-30,,,,,25880.7178538,,,,,,,,,,
2029-12-31,,,,,25880.7178538,,,,,,,,,,
2030-01-31,,,,,26011.5668581,,,,,,,,,,
2030-02-28,,,,,26011.5668581,,,,,,,,,,
2030-03-31,,,,,26011.5668581,,,,,,,,,,
2030-04-30,,,,,26141.448482,,,,,,,,,,
2030-05-31,,,,,26141.448482,,,,,,,,,,
2030-06-30,,,,,26141.448482,,,,,,,,,,
2030-07-31,,,,,26271.3371739,,,,,,,,,,
2030-08-31,,,,,26271.3371739,,,,,,,,,,
2030-09-30,,,,,26271.3371739,,,,,,,,,,
2030-10-31,,,,,26400.8524041,,,,,,,,,,
2030-11-30,,,,,26400.8524041,,,,,,,,,,
2030-12-31,,,,,26400.8524041,,,,,,,,,,
2031-01-31,,,,,26530.5190826,,,,,,,,,,
2031-02-28,,,,,26530.5190826,,,,,,,,,,
2031-03-31,,,,,26530.5190826,,,,,,,,,,
2031-04-30,,,,,26659.7208862,,,,,,,,,,
2031-05-31,,,,,26659.7208862,,,,,,,,,,
2031-06-30,,,,,26659.7208862,,,,,,,,,,
2031-07-31,,,,,26787.6352069,,,,,,,,,,
2031-08-31,,,,,26787.6352069,,,,,,,,,,
2031-09-30,,,,,26787.6352069,,,,,,,,,,
2031-10-31,,,,,26915.0944615,,,,,,,,,,
2031-11-30,,,,,26915.0944615,,,,,,,,,,
2031-12-31,,,,,26915.0944615,,,,,,,,,,
2032-01-31,,,,,27042.1667846,,,,,,,,,,
2032-02-29,,,,,27042.1667846,,,,,,,,,,
2032-03-31,,,,,27042.1667846,,,,,,,,,,
2032-04-30,,,,,27168.7045099,,,,,,,,,,
2032-05-31,,,,,27168.7045099,,,,,,,,,,
2032-06-30,,,,,27168.7045099,,,,,,,,,,
2032-07-31,,,,,27294.9139092,,,,,,,,,,
2032-08-31,,,,,27294.9139092,,,,,,,,,,
2032-09-30,,,,,27294.9139092,,,,,,,,,,
2032-10-31,,,,,27421.0567599,,,,,,,,,,
2032-11-30,,,,,27421.0567599,,,,,,,,,,
2032-12-31,,,,,27421.0567599,,,,,,,,,,
2033-01-31,,,,,27547.161237,,,,,,,,,,
2033-02-28,,,,,27547.161237,,,,,,,,,,
2033-03-31,,,,,27547.161237,,,,,,,,,,
2033-04-30,,,,,27673.1486315,,,,,,,,,,
2033-05-31,,,,,27673.1486315,,,,,,,,,,
2033-06-30,,,,,27673.1486315,,,,,,,,,,
2033-07-31,,,,,27799.1152368,,,,,,,,,,
2033-08-31,,,,,27799.1152368,,,,,,,,,,
2033-09-30,,,,,27799.1152368,,,,,,,,,,
2033-10-31,,,,,27925.0206365,,,,,,,,,,
2033-11-30,,,,,27925.0206365,,,,,,,,,,
2033-12-31,,,,,27925.0206365,,,,,,,,,,
2034-01-31,,,,,28051.0065478,,,,,,,,,,
2034-02-28,,,,,28051.0065478,,,,,,,,,,
2034-03-31,,,,,28051.0065478,,,,,,,,,,
2034-04-30,,,,,28176.9188612,,,,,,,,,,
2034-05-31,,,,,28176.9188612,,,,,,,,,,
2034-06-30,,,,,28176.9188612,,,,,,,,,,
2034-07-31,,,,,28302.8151731,,,,,,,,,,
2034-08-31,,,,,28302.8151731,,,,,,,,,,
2034-09-30,,,,,28302.8151731,,,,,,,,,,
2034-10-31,,,,,28428.5407155,,,,,,,,,,
2034-11-30,,,,,28428.5407155,,,,,,,,,,
2034-12-31,,,,,28428.5407155,,,,,,,,,,
2035-01-31,,,,,28554.3120604,,,,,,,,,,
2035-02-28,,,,,28554.3120604,,,,,,,,,,
2035-03-31,,,,,28554.3120604,,,,,,,,,,
2035-04-30,,,,,28680.2773747,,,,,,,,,,
2035-05-31,,,,,28680.2773747,,,,,,,,,,
2035-06-30,,,,,28680.2773747,,,,,,,,,,
2035-07-31,,,,,28806.6301924,,,,,,,,,,
2035-08-31,,,,,28806.6301924,,,,,,,,,,
2035-09-30,,,,,28806.6301924,,,,,,,,,,
2035-10-31,,,,,28933.3399909,,,,,,,,,,
2035-11-30,,,,,28933.3399909,,,,,,,,,,
2035-12-31,,,,,28933.3399909,,,,,,,,,,
2036-01-31,,,,,29060.4799126,,,,,,,,,,
2036-02-29,,,,,29060.4799126,,,,,,,,,,
2036-03-31,,,,,29060.4799126,,,,,,,,,,
2036-04-30,,,,,29187.8952707,,,,,,,,,,
2036-05-31,,,,,29187.8952707,,,,,,,,,,
2036-06-30,,,,,29187.8952707,,,,,,,,,,
2036-07-31,,,,,29315.4330726,,,,,,,,,,
2036-08-31,,,,,29315.4330726,,,,,,,,,,
2036-09-30,,,,,29315.4330726,,,,,,,,,,
2036-10-31,,,,,29443.0227307,,,,,,,,,,
